tt0002017	short	Ambitious Butler	Ambitious Butler	0	1912	\N	\N	Comedy,Short
tt0012017	movie	Burn 'Em Up Barnes	Burn 'Em Up Barnes	0	1921	\N	60	Adventure
tt0020170	movie	Midnight on the Barbary Coast	Midnight on the Barbary Coast	0	1929	\N	\N	Drama
tt0020171	movie	Midstream	Midstream	0	1929	\N	70	Sci-Fi
tt0020172	movie	The Million Dollar Collar	The Million Dollar Collar	0	1929	\N	62	Crime
tt0020173	movie	Minas de Oiro	Minas de Oiro	0	1929	\N	\N	Documentary
tt0020174	movie	The Mississippi Gambler	The Mississippi Gambler	0	1929	\N	57	Drama,Romance
tt0020175	movie	Mister Antonio	Mister Antonio	0	1929	\N	73	Comedy
tt0020176	movie	El misterio de la Costa Brava	El misterio de la Costa Brava	0	1929	\N	\N	\N
tt0020177	movie	El misterio de la Puerta del Sol	El misterio de la Puerta del Sol	0	1930	\N	\N	Comedy
tt0020178	movie	Midnight Taxi	Die Mitternachts-Taxe	0	1929	\N	\N	\N
tt0020179	short	Moan & Groan, Inc.	Moan & Groan, Inc.	0	1929	\N	20	Comedy,Family,Short
tt0022017	movie	Comradeship	Kameradschaft	0	1931	\N	93	Drama
tt0032017	movie	There's That Woman Again	There's That Woman Again	0	1938	\N	72	Comedy,Mystery
tt0042017	movie	Vendaval	Vendaval	0	1950	\N	95	\N
tt0052017	movie	Brink of Life	Nära livet	0	1958	\N	84	Drama
tt0062017	movie	Myatezhnaya zastava	Myatezhnaya zastava	0	1967	\N	93	History
tt0072017	movie	Poslední ples na roznovske plovarne	Poslední ples na roznovske plovarne	0	1975	\N	87	Drama,War
tt0082017	movie	Amy	Amy	0	1981	\N	100	Drama,Family
tt0088486	tvSeries	Blind Date	Blind Date	0	1985	2017	60	Game-Show,Romance
tt0092017	movie	A Tale of Love	Storia d'amore	0	1986	\N	109	Drama,Romance
tt0096545	tvSeries	Birds of a Feather	Birds of a Feather	0	1989	2017	75	Comedy
tt0098774	tvSeries	The Crystal Maze	The Crystal Maze	0	1990	2017	60	Adventure,Family,Fantasy
tt0102017	movie	Hei xing feng yun	Hei xing feng yun	0	1991	\N	\N	Action,Crime,Thriller
tt0112017	tvSeries	Inseln unter dem Wind	Inseln unter dem Wind	0	1995	1996	45	Comedy,Drama,Romance
tt0112502	movie	Bigfoot	Bigfoot	0	2017	\N	\N	Horror,Thriller
tt0120170	movie	Soul Survivors	Soul Survivors	0	1997	\N	\N	\N
tt0120171	movie	The Souler Opposite	The Souler Opposite	0	1998	\N	104	Comedy,Drama
tt0120172	movie	Soulmates	Soulmates	0	1997	\N	95	\N
tt0120173	movie	Southern Belles	Southern Belles	0	1997	\N	\N	\N
tt0120174	movie	Spacejacked	Spacejacked	0	1997	\N	89	Action,Sci-Fi
tt0120175	tvMovie	Die spanische Fliege	Die spanische Fliege	0	1990	\N	\N	Comedy
tt0120176	movie	The Spanish Prisoner	The Spanish Prisoner	0	1997	\N	110	Drama,Mystery,Thriller
tt0120177	movie	Spawn	Spawn	0	1997	\N	96	Action,Horror
tt0120178	tvEpisode	A Speck on the Eyelash	Garger Al Ha'ris	0	1997	\N	34	Drama
tt0120179	movie	Speed 2: Cruise Control	Speed 2: Cruise Control	0	1997	\N	121	Action,Adventure,Crime
tt0122017	tvShort	The Chocolate Chase	The Chocolate Chase	0	1980	\N	6	Animation,Comedy,Family
tt0132017	movie	O Caso Sogantal	O Caso Sogantal	0	1975	\N	45	Documentary
tt0137204	movie	Joe Finds Grace	Joe Finds Grace	0	2017	\N	83	Adventure,Animation,Comedy
tt0142017	movie	Árvores Centenárias	Árvores Centenárias	0	1960	\N	11	Documentary
tt0152017	short	Police Dogged	Police Dogged	0	1956	\N	7	Animation,Short
tt0157246	tvSeries	Will & Grace	Will & Grace	0	1998	2017	22	Comedy,Romance
tt0162017	short	Toyland	Toyland	0	1932	\N	\N	Animation,Short
tt0163488	tvSeries	Robot Wars	Robot Wars	0	1998	2017	45	Action,Game-Show
tt0172017	tvSeries	Klub profesora Tutki	Klub profesora Tutki	0	1966	\N	\N	\N
tt0182017	movie	The Courier	The Courier	0	1996	\N	\N	\N
tt0182607	tvSeries	Klan	Klan	0	1997	2017	30	Drama,Romance
tt0192017	movie	Fei jian nu xia	Fei jian nu xia	0	1928	\N	\N	\N
tt0201700	movie	Jornaleros	Jornaleros	0	1978	\N	90	Documentary
tt0201701	movie	Le jour se lève et les conneries commencent	Le jour se lève et les conneries commencent	0	1981	\N	90	\N
tt0201702	movie	El juego del amor y del azar	El juego del amor y del azar	0	1944	\N	70	Drama
tt0201703	tvMovie	Kako zasmejati gospodara	Kako zasmejati gospodara	0	1988	\N	112	Comedy
tt0201704	tvMovie	Kapetan iz Kepenika	Kapetan iz Kepenika	0	1971	\N	139	Drama
tt0201705	movie	Abuse of Power	Katahrisis exousias	0	1971	\N	104	Crime,Drama,Thriller
tt0201706	short	Kein Schwein gehabt	Kein Schwein gehabt	0	1978	\N	36	Documentary,Short
tt0201707	movie	Kiemas	Kiemas	0	1999	\N	90	Drama
tt0201709	short	The Kiss	The Kiss	0	1992	\N	\N	Drama,Short
tt0201710	movie	Kitsune kago	Kitsune kago	0	1956	\N	110	\N
tt0201711	short	Prince Serebryany and the Captive Varvara	Knyaz Serebryanyy i plenitsa Varvara	0	1911	\N	\N	Short
tt0201712	tvMovie	Kontrabas	Kontrabas	0	1991	\N	85	\N
tt0201713	movie	Korera no shiro	Korera no shiro	0	1965	\N	\N	\N
tt0201714	movie	Koroido Romie!...	Koroido Romie!...	0	1981	\N	80	Comedy
tt0201715	tvShort	Kosulja sa adresama	Kosulja sa adresama	0	1983	\N	36	Drama,Short
tt0201716	movie	Dutch Wife in the Desert	Kôya no Dacchi waifu	0	1967	\N	85	Crime,Drama
tt0201717	short	A Peasant Wedding	Krestyanskaya svadba	0	1911	\N	\N	Short
tt0201718	movie	Kunoichi ninpo	Kunoichi ninpo	0	1964	\N	\N	Action,Drama
tt0201719	movie	O kyr' Giorgis ekpaidevetai	O kyr' Giorgis ekpaidevetai	0	1977	\N	89	Comedy
tt0201720	short	L'khaim	L'khaim	0	1911	\N	9	Drama,Short
tt0201721	movie	The Ugliest Woman in the World	La mujer más fea del mundo	0	1999	\N	108	Comedy,Crime,Sci-Fi
tt0201722	movie	O Labroukos ballader	O Labroukos ballader	0	1981	\N	97	Comedy
tt0201723	movie	Le lac d'argent	Le lac d'argent	0	1922	\N	\N	\N
tt0201724	movie	O lagopodaros	O lagopodaros	0	1964	\N	90	Comedy
tt0201726	movie	The Last Producer	The Last Producer	0	2000	\N	90	Comedy,Drama
tt0201727	tvMovie	Laza i Paralaza	Laza i Paralaza	0	1974	\N	\N	Comedy
tt0201728	movie	Der letzte Dokumentarfilm	Der letzte Dokumentarfilm	0	2000	\N	65	Documentary
tt0201729	movie	Die letzte Droschke von Berlin	Die letzte Droschke von Berlin	0	1926	\N	73	Comedy,Drama
tt0201730	movie	Liebe - einfach kompliziert	Liebe - einfach kompliziert	0	1992	\N	\N	\N
tt0201732	tvMovie	Life in a Day	Life in a Day	0	1999	\N	89	Drama,Sci-Fi,Thriller
tt0201733	movie	Little Heart	Little Heart	0	1997	\N	\N	\N
tt0201734	movie	Liu she dao	Liu she dao	0	1964	\N	93	Adventure,Drama
tt0201735	movie	Lo que le pasó a Reynoso	Lo que le pasó a Reynoso	0	1937	\N	78	Drama
tt0201736	movie	O Lobisomem	O Lobisomem	0	1974	\N	75	Comedy
tt0201737	movie	Lost in the Pershing Point Hotel	Lost in the Pershing Point Hotel	0	2000	\N	107	Comedy,Drama
tt0201738	movie	Love, Ann Reinking	Love, Ann Reinking	0	1984	\N	\N	\N
tt0201739	movie	Love, Lust & Joy	Love, Lust & Joy	0	2000	\N	94	\N
tt0201740	movie	La luz de un fósforo	La luz de un fósforo	0	1940	\N	78	Comedy
tt0201741	movie	Luz en el páramo	Luz en el páramo	0	1953	\N	\N	\N
tt0201742	movie	Lysistrata	Lysistrati	0	1972	\N	100	Comedy,Musical
tt0201743	movie	M/Other	M/Other	0	1999	\N	147	Drama
tt0201744	movie	Woman of the Ghostly Lantern	Maboroshi toro no onna	0	1961	\N	\N	\N
tt0201745	movie	Mantepse ti kano... ta vradya	Mantepse ti kano... ta vradya	0	1984	\N	85	Comedy
tt0201747	short	Mailman	Mailman	0	1996	\N	\N	Comedy,Drama,Short
tt0201748	movie	House in the Sun	La maison au soleil	0	1929	\N	\N	\N
tt0201749	movie	A House Without Love	La maison sans amour	0	1927	\N	\N	\N
tt0201750	movie	Mami	Mami	0	1971	\N	\N	Drama
tt0201751	short	The Man with the Twisted Lip	The Man with the Twisted Lip	0	1921	\N	28	Crime,Drama,Mystery
tt0201753	movie	Manuelita Rosas	Manuelita Rosas	0	1925	\N	\N	\N
tt0201754	movie	A Máquina Invisível	A Máquina Invisível	0	1970	\N	\N	\N
tt0201755	movie	La marche nuptiale	La marche nuptiale	0	1935	\N	96	Comedy
tt0201756	movie	Maria da Praia	Maria da Praia	0	1951	\N	87	Drama
